"","times","cores"
"1",275.056,"Extract"
"2",304.075,"1"
"3",0.0440000000000964,"3"
"4",0.0540000000000873,"5"
"5",0.0659999999998035,"7"
"6",0.0660000000000309,"9"
"7",0.0589999999999691,"11"
"8",0.068000000000211,"13"
"9",0.0579999999999927,"15"
"10",0.0619999999998981,"17"
"11",0.0589999999999691,"19"
"12",0.0589999999999691,"21"
"13",0.0570000000000164,"23"
"14",0.0610000000001492,"25"
"15",0.0619999999998981,"27"
"16",0.0609999999999218,"29"
"17",0.0670000000000073,"31"
